{
    "WMAP5": {
        "name": "WMAP5",
        "cosmology": "FlatLambdaCDM",
        "Oc0": 0.231,
        "Ob0": 0.0459,
        "Om0": 0.277,
        "H0": 70.2,
        "n": 0.962,
        "sigma8": 0.817,
        "tau": 0.088,
        "z_reion": 11.3,
        "t0": 13.72,
        "Tcmb0": 2.725,
        "Neff": 3.04,
        "m_nu": 0.0,
        "flat": true,
        "reference": "Komatsu et al. 2009, ApJS, 180, 330, doi: 10.1088/0067-0049/180/2/330. Table 1 (WMAP + BAO + SN ML)."
    },
    "WMAP7": {
        "name": "WMAP7",
        "cosmology": "FlatLambdaCDM",
        "Oc0": 0.226,
        "Ob0": 0.0455,
        "Om0": 0.272,
        "H0": 70.4,
        "n": 0.967,
        "sigma8": 0.810,
        "tau": 0.085,
        "z_reion": 10.3,
        "t0": 13.76,
        "Tcmb0": 2.725,
        "Neff": 3.04,
        "m_nu": 0.0,
        "flat": true,
        "reference": "Komatsu et al. 2011, ApJS, 192, 18, doi: 10.1088/0067-0049/192/2/18. Table 1 (WMAP + BAO + H0 ML)."
    },
    "WMAP9": {
        "name": "WMAP9",
        "cosmology": "FlatLambdaCDM",
        "Oc0": 0.2402,
        "Ob0": 0.04628,
        "Om0": 0.2865,
        "H0": 69.32,
        "n": 0.9608,
        "sigma8": 0.820,
        "tau": 0.081,
        "z_reion": 10.1,
        "t0": 13.772,
        "Tcmb0": 2.725,
        "Neff": 3.04,
        "m_nu": 0.0,
        "flat": true,
        "reference": "Hinshaw et al. 2013, ApJS, 208, 19, doi: 10.1088/0067-0049/208/2/19. Table 4 (WMAP9 + eCMB + BAO + H0, last column)"
    },
    "Planck13": {
        "name": "Planck13",
        "cosmology": "FlatLambdaCDM",
        "Oc0": 0.25886,
        "Ob0": 0.048252,
        "Om0": 0.30712,
        "H0": 67.77,
        "n": 0.9611,
        "sigma8": 0.8288,
        "tau": 0.0952,
        "z_reion": 11.52,
        "t0": 13.7965,
        "Tcmb0": 2.7255,
        "Neff": 3.046,
        "flat": true,
        "m_nu": [0.0, 0.0, 0.06],
        "reference": "Planck Collaboration 2014, A&A, 571, A16 (Paper XVI), Table 5 (Planck + WP + highL + BAO)",
        "info": "Planck 2013 paper XVI Table 5 penultimate column (best fit)"
    },
    "Planck15": {
        "name": "Planck15",
        "cosmology": "FlatLambdaCDM",
        "Oc0": 0.2589,
        "Ob0": 0.04860,
        "Om0": 0.3075,
        "H0": 67.74,
        "n": 0.9667,
        "sigma8": 0.8159,
        "tau": 0.066,
        "z_reion": 8.8,
        "t0": 13.799,
        "Tcmb0": 2.7255,
        "Neff": 3.046,
        "flat": true,
        "m_nu": [0.0, 0.0, 0.06],
        "reference": "Planck Collaboration 2016, A&A, 594, A13 (Paper XIII), Table 4 (TT, TE, EE + lowP + lensing + ext)",
        "info": "Planck 2015 paper XII Table 4 final column (best fit)"
    },
    "Planck18": {
        "name": "Planck18",
        "cosmology": "FlatLambdaCDM",
        "Oc0": 0.2607,
        "Ob0": 0.04897,
        "Om0": 0.30966,
        "H0": 67.66,
        "n": 0.9665,
        "sigma8": 0.8102,
        "tau": 0.0561,
        "z_reion": 7.82,
        "t0": 13.787,
        "Tcmb0": 2.7255,
        "Neff": 3.046,
        "flat": true,
        "m_nu": [0.0, 0.0, 0.06],
        "reference": "Planck Collaboration 2018, 2020, A&A, 641, A6  (Paper VI), Table 2 (TT, TE, EE + lowE + lensing + BAO)",
        "info": "Unlike Planck 2015, the paper includes massive neutrinos in Om0, which here are included in m_nu. Hence, the Om0 value differs slightly from the paper."
    },
    "Planck18_arXiv_v2": {
        "name": "Planck18",
        "cosmology": "FlatLambdaCDM",
        "Oc0": 0.2607,
        "Ob0": 0.04897,
        "Om0": 0.30966,
        "H0": 67.66,
        "n": 0.9665,
        "sigma8": 0.8102,
        "tau": 0.0561,
        "z_reion": 7.82,
        "t0": 13.787,
        "Tcmb0": 2.7255,
        "Neff": 3.046,
        "flat": true,
        "m_nu": [0.0, 0.0, 0.06],
        "reference": "DEPRECATED: Planck Collaboration 2018, 2020, A&A, 641, A6  (Paper VI), Table 2 (TT, TE, EE + lowE + lensing + BAO)",
        "info": "Unlike Planck 2015, the paper includes massive neutrinos in Om0, which here are included in m_nu. Hence, the Om0 value differs slightly from the paper."
    }
}